[{"fields": {"model": "logentry", "app_label": "admin"}, "model": "contenttypes.contenttype", "pk": 1}, {"fields": {"model": "permission", "app_label": "auth"}, "model": "contenttypes.contenttype", "pk": 2}, {"fields": {"model": "group", "app_label": "auth"}, "model": "contenttypes.contenttype", "pk": 3}, {"fields": {"model": "user", "app_label": "auth"}, "model": "contenttypes.contenttype", "pk": 4}, {"fields": {"model": "contenttype", "app_label": "contenttypes"}, "model": "contenttypes.contenttype", "pk": 5}, {"fields": {"model": "session", "app_label": "sessions"}, "model": "contenttypes.contenttype", "pk": 6}, {"fields": {"model": "ctf", "app_label": "api"}, "model": "contenttypes.contenttype", "pk": 7}, {"fields": {"model": "challengeboard", "app_label": "api"}, "model": "contenttypes.contenttype", "pk": 8}, {"fields": {"model": "category", "app_label": "api"}, "model": "contenttypes.contenttype", "pk": 9}, {"fields": {"model": "challenge", "app_label": "api"}, "model": "contenttypes.contenttype", "pk": 10}, {"fields": {"model": "scoreboard", "app_label": "api"}, "model": "contenttypes.contenttype", "pk": 11}, {"fields": {"model": "team", "app_label": "api"}, "model": "contenttypes.contenttype", "pk": 12}, {"fields": {"expire_date": "2015-11-23T04:13:57.148Z", "session_data": "MDY2NzBhOTZiMWU2M2VjMzg2YThmYmYwMzUyNWFmYmExZjg1MTM0ZDp7Il9hdXRoX3VzZXJfaGFzaCI6ImVhMDc4ZDMzYTNjMzA2YzQ4ZDk4NzgwMmRkZDcwZDU1NDcyZDIyOTQiLCJfYXV0aF91c2VyX2JhY2tlbmQiOiJkamFuZ28uY29udHJpYi5hdXRoLmJhY2tlbmRzLk1vZGVsQmFja2VuZCIsIl9hdXRoX3VzZXJfaWQiOiIyIn0="}, "model": "sessions.session", "pk": "2lyi71r7wpje0lldiefwe7g13qucbvx2"}, {"fields": {"expire_date": "2015-11-23T00:25:49.195Z", "session_data": "MDY2NzBhOTZiMWU2M2VjMzg2YThmYmYwMzUyNWFmYmExZjg1MTM0ZDp7Il9hdXRoX3VzZXJfaGFzaCI6ImVhMDc4ZDMzYTNjMzA2YzQ4ZDk4NzgwMmRkZDcwZDU1NDcyZDIyOTQiLCJfYXV0aF91c2VyX2JhY2tlbmQiOiJkamFuZ28uY29udHJpYi5hdXRoLmJhY2tlbmRzLk1vZGVsQmFja2VuZCIsIl9hdXRoX3VzZXJfaWQiOiIyIn0="}, "model": "sessions.session", "pk": "3spjeljsno5kynwlqrd9qky02vyr139r"}, {"fields": {"live": true, "challengeboard": [1], "scoreboard": [1], "name": "edCTF"}, "model": "api.ctf", "pk": 1}, {"fields": {}, "model": "api.challengeboard", "pk": 1}, {"fields": {"challengeboard": 1, "name": "Trivia"}, "model": "api.category", "pk": 1}, {"fields": {"challengeboard": 1, "name": "Recon"}, "model": "api.category", "pk": 2}, {"fields": {"challengeboard": 1, "name": "Web"}, "model": "api.category", "pk": 3}, {"fields": {"challengeboard": 1, "name": "Reversing"}, "model": "api.category", "pk": 4}, {"fields": {"challengeboard": 1, "name": "Exploitation"}, "model": "api.category", "pk": 5}, {"fields": {"challengeboard": 1, "name": "Forensics"}, "model": "api.category", "pk": 6}, {"fields": {"challengeboard": 1, "name": "Networking"}, "model": "api.category", "pk": 7}, {"fields": {"category": 1, "description": "Trivia it bro!", "title": "Solve it", "flag": "flag", "points": 100, "num_solved": 0}, "model": "api.challenge", "pk": 1}, {"fields": {"category": 1, "description": "Trivia it bro!", "title": "Solve it", "flag": "flag", "points": 200, "num_solved": 0}, "model": "api.challenge", "pk": 2}, {"fields": {"category": 2, "description": "Recon it bro!", "title": "Solve it", "flag": "flag", "points": 200, "num_solved": 0}, "model": "api.challenge", "pk": 3}, {"fields": {"category": 2, "description": "Recon it bro!", "title": "Solve it", "flag": "flag", "points": 300, "num_solved": 0}, "model": "api.challenge", "pk": 4}, {"fields": {"category": 2, "description": "Recon it bro!", "title": "Solve it", "flag": "flag", "points": 400, "num_solved": 0}, "model": "api.challenge", "pk": 5}, {"fields": {"category": 3, "description": "Web it bro!", "title": "Solve it", "flag": "flag", "points": 100, "num_solved": 0}, "model": "api.challenge", "pk": 6}, {"fields": {"category": 3, "description": "Web it bro!", "title": "Solve it", "flag": "flag", "points": 200, "num_solved": 200}, "model": "api.challenge", "pk": 7}, {"fields": {"category": 5, "description": "Exploit it bro!", "title": "Solve it", "flag": "flag", "points": 100, "num_solved": 0}, "model": "api.challenge", "pk": 8}, {"fields": {"category": 5, "description": "Exploit it bro!", "title": "Solve it", "flag": "flag", "points": 200, "num_solved": 0}, "model": "api.challenge", "pk": 9}, {"fields": {"category": 4, "description": "Reverse it bro!", "title": "Solve it", "flag": "flag", "points": 100, "num_solved": 0}, "model": "api.challenge", "pk": 10}, {"fields": {"category": 4, "description": "Reverse it bro!", "title": "Solve it", "flag": "flag", "points": 300, "num_solved": 0}, "model": "api.challenge", "pk": 11}, {"fields": {"category": 6, "description": "Forensic it bro!", "title": "Solve it", "flag": "flag", "points": 100, "num_solved": 0}, "model": "api.challenge", "pk": 12}, {"fields": {"category": 7, "description": "Network it bro!", "title": "Solve it", "flag": "flag", "points": 400, "num_solved": 0}, "model": "api.challenge", "pk": 13}, {"fields": {"numtopteams": 10}, "model": "api.scoreboard", "pk": 1}, {"fields": {"codename": "add_logentry", "name": "Can add log entry", "content_type": 1}, "model": "auth.permission", "pk": 1}, {"fields": {"codename": "change_logentry", "name": "Can change log entry", "content_type": 1}, "model": "auth.permission", "pk": 2}, {"fields": {"codename": "delete_logentry", "name": "Can delete log entry", "content_type": 1}, "model": "auth.permission", "pk": 3}, {"fields": {"codename": "add_permission", "name": "Can add permission", "content_type": 2}, "model": "auth.permission", "pk": 4}, {"fields": {"codename": "change_permission", "name": "Can change permission", "content_type": 2}, "model": "auth.permission", "pk": 5}, {"fields": {"codename": "delete_permission", "name": "Can delete permission", "content_type": 2}, "model": "auth.permission", "pk": 6}, {"fields": {"codename": "add_group", "name": "Can add group", "content_type": 3}, "model": "auth.permission", "pk": 7}, {"fields": {"codename": "change_group", "name": "Can change group", "content_type": 3}, "model": "auth.permission", "pk": 8}, {"fields": {"codename": "delete_group", "name": "Can delete group", "content_type": 3}, "model": "auth.permission", "pk": 9}, {"fields": {"codename": "add_user", "name": "Can add user", "content_type": 4}, "model": "auth.permission", "pk": 10}, {"fields": {"codename": "change_user", "name": "Can change user", "content_type": 4}, "model": "auth.permission", "pk": 11}, {"fields": {"codename": "delete_user", "name": "Can delete user", "content_type": 4}, "model": "auth.permission", "pk": 12}, {"fields": {"codename": "add_contenttype", "name": "Can add content type", "content_type": 5}, "model": "auth.permission", "pk": 13}, {"fields": {"codename": "change_contenttype", "name": "Can change content type", "content_type": 5}, "model": "auth.permission", "pk": 14}, {"fields": {"codename": "delete_contenttype", "name": "Can delete content type", "content_type": 5}, "model": "auth.permission", "pk": 15}, {"fields": {"codename": "add_session", "name": "Can add session", "content_type": 6}, "model": "auth.permission", "pk": 16}, {"fields": {"codename": "change_session", "name": "Can change session", "content_type": 6}, "model": "auth.permission", "pk": 17}, {"fields": {"codename": "delete_session", "name": "Can delete session", "content_type": 6}, "model": "auth.permission", "pk": 18}, {"fields": {"codename": "add_ctf", "name": "Can add ctf", "content_type": 7}, "model": "auth.permission", "pk": 19}, {"fields": {"codename": "change_ctf", "name": "Can change ctf", "content_type": 7}, "model": "auth.permission", "pk": 20}, {"fields": {"codename": "delete_ctf", "name": "Can delete ctf", "content_type": 7}, "model": "auth.permission", "pk": 21}, {"fields": {"codename": "add_challengeboard", "name": "Can add challengeboard", "content_type": 8}, "model": "auth.permission", "pk": 22}, {"fields": {"codename": "change_challengeboard", "name": "Can change challengeboard", "content_type": 8}, "model": "auth.permission", "pk": 23}, {"fields": {"codename": "delete_challengeboard", "name": "Can delete challengeboard", "content_type": 8}, "model": "auth.permission", "pk": 24}, {"fields": {"codename": "add_category", "name": "Can add category", "content_type": 9}, "model": "auth.permission", "pk": 25}, {"fields": {"codename": "change_category", "name": "Can change category", "content_type": 9}, "model": "auth.permission", "pk": 26}, {"fields": {"codename": "delete_category", "name": "Can delete category", "content_type": 9}, "model": "auth.permission", "pk": 27}, {"fields": {"codename": "add_challenge", "name": "Can add challenge", "content_type": 10}, "model": "auth.permission", "pk": 28}, {"fields": {"codename": "change_challenge", "name": "Can change challenge", "content_type": 10}, "model": "auth.permission", "pk": 29}, {"fields": {"codename": "delete_challenge", "name": "Can delete challenge", "content_type": 10}, "model": "auth.permission", "pk": 30}, {"fields": {"codename": "add_scoreboard", "name": "Can add scoreboard", "content_type": 11}, "model": "auth.permission", "pk": 31}, {"fields": {"codename": "change_scoreboard", "name": "Can change scoreboard", "content_type": 11}, "model": "auth.permission", "pk": 32}, {"fields": {"codename": "delete_scoreboard", "name": "Can delete scoreboard", "content_type": 11}, "model": "auth.permission", "pk": 33}, {"fields": {"codename": "add_team", "name": "Can add team", "content_type": 12}, "model": "auth.permission", "pk": 34}, {"fields": {"codename": "change_team", "name": "Can change team", "content_type": 12}, "model": "auth.permission", "pk": 35}, {"fields": {"codename": "delete_team", "name": "Can delete team", "content_type": 12}, "model": "auth.permission", "pk": 36}, {"fields": {"username": "admin", "first_name": "", "last_name": "", "is_active": true, "is_superuser": true, "is_staff": true, "last_login": "2015-11-08T23:36:11.783Z", "groups": [], "user_permissions": [], "password": "pbkdf2_sha256$20000$8Ve8VGTK42WJ$rvxQUEt5bc+cfs7zuNp8zqHVpwfXL9+biUhjvfpSOT0=", "email": "", "date_joined": "2015-11-08T18:56:17.328Z"}, "model": "auth.user", "pk": 1}, {"fields": {"username": "team0", "first_name": "", "last_name": "", "is_active": true, "is_superuser": false, "is_staff": false, "last_login": "2015-11-09T04:13:57.143Z", "groups": [], "user_permissions": [], "password": "pbkdf2_sha256$20000$2ewhD3M7ntcS$SP9F0S/sdD0ix7AzuG9HY3dvbMkTDykEd4+YM/Xtlxs=", "email": "", "date_joined": "2015-11-08T19:20:52.838Z"}, "model": "auth.user", "pk": 2}, {"fields": {"username": "team1", "first_name": "", "last_name": "", "is_active": true, "is_superuser": false, "is_staff": false, "last_login": null, "groups": [], "user_permissions": [], "password": "pbkdf2_sha256$20000$8URBd9uq5Q5e$NbHN+zfLF2EoUuj1latLxzy1gLn8C7nVUwGaUSom+p0=", "email": "", "date_joined": "2015-11-08T19:22:36.937Z"}, "model": "auth.user", "pk": 3}, {"fields": {"username": "team2", "first_name": "", "last_name": "", "is_active": true, "is_superuser": false, "is_staff": false, "last_login": null, "groups": [], "user_permissions": [], "password": "pbkdf2_sha256$20000$F8a6R3KItLo8$fwz72tYZlbmBJpn34uE60Po9AkVXRgy4oKkVXNd1qu4=", "email": "", "date_joined": "2015-11-08T19:22:52.547Z"}, "model": "auth.user", "pk": 4}, {"fields": {"username": "team3", "first_name": "", "last_name": "", "is_active": true, "is_superuser": false, "is_staff": false, "last_login": null, "groups": [], "user_permissions": [], "password": "pbkdf2_sha256$20000$0bVRpGKnG0H0$O+X/k3hL0Ngwm9zR60YP0zs1nunpGrMhYIe3K0fCwv8=", "email": "", "date_joined": "2015-11-08T19:23:07.725Z"}, "model": "auth.user", "pk": 5}, {"fields": {"username": "team4", "first_name": "", "last_name": "", "is_active": true, "is_superuser": false, "is_staff": false, "last_login": null, "groups": [], "user_permissions": [], "password": "pbkdf2_sha256$20000$k632xNWpA15M$GLDe8IH20ZCJe8IHAfBbGmnoXWPcz7A1LR9WOvEhSr8=", "email": "", "date_joined": "2015-11-08T19:23:24.010Z"}, "model": "auth.user", "pk": 6}, {"fields": {"username": "team5", "first_name": "", "last_name": "", "is_active": true, "is_superuser": false, "is_staff": false, "last_login": null, "groups": [], "user_permissions": [], "password": "pbkdf2_sha256$20000$4g0TgNEZbTUW$VlqJGoC3EGJWzAFFEaUlAG226iYo+Wzv0Y8AUzwYtXg=", "email": "", "date_joined": "2015-11-08T19:23:34.810Z"}, "model": "auth.user", "pk": 7}, {"fields": {"username": "team6", "first_name": "", "last_name": "", "is_active": true, "is_superuser": false, "is_staff": false, "last_login": null, "groups": [], "user_permissions": [], "password": "pbkdf2_sha256$20000$dDUtaPxDcqNf$rOTPaR7Iaq7mKKc0MM381VEB4z3xYVsVoC+Zn5rmkBQ=", "email": "", "date_joined": "2015-11-08T19:23:47.664Z"}, "model": "auth.user", "pk": 8}, {"fields": {"username": "team7", "first_name": "", "last_name": "", "is_active": true, "is_superuser": false, "is_staff": false, "last_login": null, "groups": [], "user_permissions": [], "password": "pbkdf2_sha256$20000$GiE3rmiDZQOt$mOB3PvX31lv08OIvZLu5TUeiEzePl6IzXmK2ispzDP4=", "email": "", "date_joined": "2015-11-08T19:23:59.338Z"}, "model": "auth.user", "pk": 9}, {"fields": {"username": "team8", "first_name": "", "last_name": "", "is_active": true, "is_superuser": false, "is_staff": false, "last_login": null, "groups": [], "user_permissions": [], "password": "pbkdf2_sha256$20000$Z02eTINmdU2P$+5nyPEamoAXtRxsYauVKIWEGhWUS4yqHTaNS5+Vwq5s=", "email": "", "date_joined": "2015-11-08T19:24:11.247Z"}, "model": "auth.user", "pk": 10}, {"fields": {"username": "team9", "first_name": "", "last_name": "", "is_active": true, "is_superuser": false, "is_staff": false, "last_login": null, "groups": [], "user_permissions": [], "password": "pbkdf2_sha256$20000$KQAoWrCbdMzi$ioybi2aUFdhYjpYrXKKoqG5EMRCK4d0oV3L6fBLPiGA=", "email": "", "date_joined": "2015-11-08T19:24:22.309Z"}, "model": "auth.user", "pk": 11}, {"fields": {"username": "team10", "first_name": "", "last_name": "", "is_active": true, "is_superuser": false, "is_staff": false, "last_login": null, "groups": [], "user_permissions": [], "password": "pbkdf2_sha256$20000$Xd29J7IlwkG6$yYP5Wxk8K1GVTKkcHvyySwFLZwuXhVTLrDcouHguYAI=", "email": "", "date_joined": "2015-11-08T19:24:36.925Z"}, "model": "auth.user", "pk": 12}, {"fields": {"username": "team11", "first_name": "", "last_name": "", "is_active": true, "is_superuser": false, "is_staff": false, "last_login": null, "groups": [], "user_permissions": [], "password": "pbkdf2_sha256$20000$9d06AhC0PQUh$v5K21DoK7rw+4HSbvW0OciXah0yjPwnh9Cici2Wu7AE=", "email": "", "date_joined": "2015-11-08T19:24:46.471Z"}, "model": "auth.user", "pk": 13}, {"fields": {"wrong_flags": 0, "scoreboard": 1, "teamname": "team0", "solved": [], "correct_flags": 0, "user": 2, "points": 0}, "model": "api.team", "pk": 1}, {"fields": {"wrong_flags": 0, "scoreboard": 1, "teamname": "team1", "solved": [], "correct_flags": 0, "user": 3, "points": 0}, "model": "api.team", "pk": 2}, {"fields": {"wrong_flags": 0, "scoreboard": 1, "teamname": "team2", "solved": [], "correct_flags": 0, "user": 4, "points": 0}, "model": "api.team", "pk": 3}, {"fields": {"wrong_flags": 0, "scoreboard": 1, "teamname": "team3", "solved": [], "correct_flags": 0, "user": 5, "points": 0}, "model": "api.team", "pk": 4}, {"fields": {"wrong_flags": 0, "scoreboard": 1, "teamname": "team4", "solved": [], "correct_flags": 0, "user": 6, "points": 0}, "model": "api.team", "pk": 5}, {"fields": {"wrong_flags": 0, "scoreboard": 1, "teamname": "team5", "solved": [], "correct_flags": 0, "user": 7, "points": 0}, "model": "api.team", "pk": 6}, {"fields": {"wrong_flags": 0, "scoreboard": 1, "teamname": "team6", "solved": [], "correct_flags": 0, "user": 8, "points": 0}, "model": "api.team", "pk": 7}, {"fields": {"wrong_flags": 0, "scoreboard": 1, "teamname": "team7", "solved": [], "correct_flags": 0, "user": 9, "points": 0}, "model": "api.team", "pk": 8}, {"fields": {"wrong_flags": 0, "scoreboard": 1, "teamname": "team8", "solved": [], "correct_flags": 0, "user": 10, "points": 0}, "model": "api.team", "pk": 9}, {"fields": {"wrong_flags": 0, "scoreboard": 1, "teamname": "team9", "solved": [], "correct_flags": 0, "user": 11, "points": 0}, "model": "api.team", "pk": 10}, {"fields": {"wrong_flags": 0, "scoreboard": 1, "teamname": "team10", "solved": [], "correct_flags": 0, "user": 12, "points": 0}, "model": "api.team", "pk": 11}, {"fields": {"wrong_flags": 0, "scoreboard": 1, "teamname": "team11", "solved": [], "correct_flags": 0, "user": 13, "points": 0}, "model": "api.team", "pk": 12}, {"fields": {"action_flag": 1, "action_time": "2015-11-08T18:57:33.769Z", "object_repr": "challengeboard 1", "object_id": "1", "change_message": "", "user": 1, "content_type": 8}, "model": "admin.logentry", "pk": 1}, {"fields": {"action_flag": 1, "action_time": "2015-11-08T18:57:40.306Z", "object_repr": "scoreboard 1", "object_id": "1", "change_message": "", "user": 1, "content_type": 11}, "model": "admin.logentry", "pk": 2}, {"fields": {"action_flag": 1, "action_time": "2015-11-08T18:57:42.835Z", "object_repr": "ctf edCTF", "object_id": "1", "change_message": "", "user": 1, "content_type": 7}, "model": "admin.logentry", "pk": 3}, {"fields": {"action_flag": 1, "action_time": "2015-11-08T18:58:58.092Z", "object_repr": "category Trivia", "object_id": "1", "change_message": "", "user": 1, "content_type": 9}, "model": "admin.logentry", "pk": 4}, {"fields": {"action_flag": 1, "action_time": "2015-11-08T18:59:10.552Z", "object_repr": "category Recon", "object_id": "2", "change_message": "", "user": 1, "content_type": 9}, "model": "admin.logentry", "pk": 5}, {"fields": {"action_flag": 1, "action_time": "2015-11-08T18:59:21.897Z", "object_repr": "category Web", "object_id": "3", "change_message": "", "user": 1, "content_type": 9}, "model": "admin.logentry", "pk": 6}, {"fields": {"action_flag": 1, "action_time": "2015-11-08T18:59:28.090Z", "object_repr": "category Reversing", "object_id": "4", "change_message": "", "user": 1, "content_type": 9}, "model": "admin.logentry", "pk": 7}, {"fields": {"action_flag": 1, "action_time": "2015-11-08T18:59:33.841Z", "object_repr": "category Exploitation", "object_id": "5", "change_message": "", "user": 1, "content_type": 9}, "model": "admin.logentry", "pk": 8}, {"fields": {"action_flag": 1, "action_time": "2015-11-08T18:59:39.935Z", "object_repr": "category Forensics", "object_id": "6", "change_message": "", "user": 1, "content_type": 9}, "model": "admin.logentry", "pk": 9}, {"fields": {"action_flag": 1, "action_time": "2015-11-08T18:59:46.115Z", "object_repr": "category Networking", "object_id": "7", "change_message": "", "user": 1, "content_type": 9}, "model": "admin.logentry", "pk": 10}, {"fields": {"action_flag": 1, "action_time": "2015-11-08T19:01:08.371Z", "object_repr": "challenge Solve it 100", "object_id": "1", "change_message": "", "user": 1, "content_type": 10}, "model": "admin.logentry", "pk": 11}, {"fields": {"action_flag": 1, "action_time": "2015-11-08T19:01:28.704Z", "object_repr": "challenge Solve it 200", "object_id": "2", "change_message": "", "user": 1, "content_type": 10}, "model": "admin.logentry", "pk": 12}, {"fields": {"action_flag": 1, "action_time": "2015-11-08T19:03:51.360Z", "object_repr": "challenge Solve it 200", "object_id": "3", "change_message": "", "user": 1, "content_type": 10}, "model": "admin.logentry", "pk": 13}, {"fields": {"action_flag": 1, "action_time": "2015-11-08T19:04:11.176Z", "object_repr": "challenge Solve it 300", "object_id": "4", "change_message": "", "user": 1, "content_type": 10}, "model": "admin.logentry", "pk": 14}, {"fields": {"action_flag": 1, "action_time": "2015-11-08T19:04:30.980Z", "object_repr": "challenge Solve it 400", "object_id": "5", "change_message": "", "user": 1, "content_type": 10}, "model": "admin.logentry", "pk": 15}, {"fields": {"action_flag": 1, "action_time": "2015-11-08T19:04:53.700Z", "object_repr": "challenge Solve it 100", "object_id": "6", "change_message": "", "user": 1, "content_type": 10}, "model": "admin.logentry", "pk": 16}, {"fields": {"action_flag": 1, "action_time": "2015-11-08T19:05:16.870Z", "object_repr": "challenge Solve it 200", "object_id": "7", "change_message": "", "user": 1, "content_type": 10}, "model": "admin.logentry", "pk": 17}, {"fields": {"action_flag": 1, "action_time": "2015-11-08T19:06:24.803Z", "object_repr": "challenge Solve it 100", "object_id": "8", "change_message": "", "user": 1, "content_type": 10}, "model": "admin.logentry", "pk": 18}, {"fields": {"action_flag": 1, "action_time": "2015-11-08T19:06:40.974Z", "object_repr": "challenge Solve it 200", "object_id": "9", "change_message": "", "user": 1, "content_type": 10}, "model": "admin.logentry", "pk": 19}, {"fields": {"action_flag": 2, "action_time": "2015-11-08T19:06:45.960Z", "object_repr": "challenge Solve it 100", "object_id": "8", "change_message": "No fields changed.", "user": 1, "content_type": 10}, "model": "admin.logentry", "pk": 20}, {"fields": {"action_flag": 1, "action_time": "2015-11-08T19:07:09.988Z", "object_repr": "challenge Solve it 100", "object_id": "10", "change_message": "", "user": 1, "content_type": 10}, "model": "admin.logentry", "pk": 21}, {"fields": {"action_flag": 1, "action_time": "2015-11-08T19:07:25.192Z", "object_repr": "challenge Solve it 300", "object_id": "11", "change_message": "", "user": 1, "content_type": 10}, "model": "admin.logentry", "pk": 22}, {"fields": {"action_flag": 1, "action_time": "2015-11-08T19:07:46.120Z", "object_repr": "challenge Solve it 100", "object_id": "12", "change_message": "", "user": 1, "content_type": 10}, "model": "admin.logentry", "pk": 23}, {"fields": {"action_flag": 1, "action_time": "2015-11-08T19:08:02.605Z", "object_repr": "challenge Solve it 400", "object_id": "13", "change_message": "", "user": 1, "content_type": 10}, "model": "admin.logentry", "pk": 24}, {"fields": {"action_flag": 1, "action_time": "2015-11-08T19:20:52.882Z", "object_repr": "team0", "object_id": "2", "change_message": "", "user": 1, "content_type": 4}, "model": "admin.logentry", "pk": 25}, {"fields": {"action_flag": 1, "action_time": "2015-11-08T19:22:24.467Z", "object_repr": "1: team0", "object_id": "1", "change_message": "", "user": 1, "content_type": 12}, "model": "admin.logentry", "pk": 26}, {"fields": {"action_flag": 1, "action_time": "2015-11-08T19:22:36.982Z", "object_repr": "team1", "object_id": "3", "change_message": "", "user": 1, "content_type": 4}, "model": "admin.logentry", "pk": 27}, {"fields": {"action_flag": 1, "action_time": "2015-11-08T19:22:41.144Z", "object_repr": "2: team1", "object_id": "2", "change_message": "", "user": 1, "content_type": 12}, "model": "admin.logentry", "pk": 28}, {"fields": {"action_flag": 1, "action_time": "2015-11-08T19:22:52.610Z", "object_repr": "team2", "object_id": "4", "change_message": "", "user": 1, "content_type": 4}, "model": "admin.logentry", "pk": 29}, {"fields": {"action_flag": 1, "action_time": "2015-11-08T19:22:54.549Z", "object_repr": "3: team2", "object_id": "3", "change_message": "", "user": 1, "content_type": 12}, "model": "admin.logentry", "pk": 30}, {"fields": {"action_flag": 1, "action_time": "2015-11-08T19:23:07.767Z", "object_repr": "team3", "object_id": "5", "change_message": "", "user": 1, "content_type": 4}, "model": "admin.logentry", "pk": 31}, {"fields": {"action_flag": 1, "action_time": "2015-11-08T19:23:09.713Z", "object_repr": "4: team3", "object_id": "4", "change_message": "", "user": 1, "content_type": 12}, "model": "admin.logentry", "pk": 32}, {"fields": {"action_flag": 1, "action_time": "2015-11-08T19:23:24.061Z", "object_repr": "team4", "object_id": "6", "change_message": "", "user": 1, "content_type": 4}, "model": "admin.logentry", "pk": 33}, {"fields": {"action_flag": 1, "action_time": "2015-11-08T19:23:25.061Z", "object_repr": "5: team4", "object_id": "5", "change_message": "", "user": 1, "content_type": 12}, "model": "admin.logentry", "pk": 34}, {"fields": {"action_flag": 1, "action_time": "2015-11-08T19:23:34.863Z", "object_repr": "team5", "object_id": "7", "change_message": "", "user": 1, "content_type": 4}, "model": "admin.logentry", "pk": 35}, {"fields": {"action_flag": 1, "action_time": "2015-11-08T19:23:36.568Z", "object_repr": "6: team5", "object_id": "6", "change_message": "", "user": 1, "content_type": 12}, "model": "admin.logentry", "pk": 36}, {"fields": {"action_flag": 1, "action_time": "2015-11-08T19:23:47.717Z", "object_repr": "team6", "object_id": "8", "change_message": "", "user": 1, "content_type": 4}, "model": "admin.logentry", "pk": 37}, {"fields": {"action_flag": 1, "action_time": "2015-11-08T19:23:49.423Z", "object_repr": "7: team6", "object_id": "7", "change_message": "", "user": 1, "content_type": 12}, "model": "admin.logentry", "pk": 38}, {"fields": {"action_flag": 1, "action_time": "2015-11-08T19:23:59.380Z", "object_repr": "team7", "object_id": "9", "change_message": "", "user": 1, "content_type": 4}, "model": "admin.logentry", "pk": 39}, {"fields": {"action_flag": 1, "action_time": "2015-11-08T19:24:00.674Z", "object_repr": "8: team7", "object_id": "8", "change_message": "", "user": 1, "content_type": 12}, "model": "admin.logentry", "pk": 40}, {"fields": {"action_flag": 1, "action_time": "2015-11-08T19:24:11.287Z", "object_repr": "team8", "object_id": "10", "change_message": "", "user": 1, "content_type": 4}, "model": "admin.logentry", "pk": 41}, {"fields": {"action_flag": 1, "action_time": "2015-11-08T19:24:12.154Z", "object_repr": "9: team8", "object_id": "9", "change_message": "", "user": 1, "content_type": 12}, "model": "admin.logentry", "pk": 42}, {"fields": {"action_flag": 1, "action_time": "2015-11-08T19:24:22.356Z", "object_repr": "team9", "object_id": "11", "change_message": "", "user": 1, "content_type": 4}, "model": "admin.logentry", "pk": 43}, {"fields": {"action_flag": 1, "action_time": "2015-11-08T19:24:24.092Z", "object_repr": "10: team9", "object_id": "10", "change_message": "", "user": 1, "content_type": 12}, "model": "admin.logentry", "pk": 44}, {"fields": {"action_flag": 1, "action_time": "2015-11-08T19:24:36.971Z", "object_repr": "team10", "object_id": "12", "change_message": "", "user": 1, "content_type": 4}, "model": "admin.logentry", "pk": 45}, {"fields": {"action_flag": 1, "action_time": "2015-11-08T19:24:38.009Z", "object_repr": "11: team10", "object_id": "11", "change_message": "", "user": 1, "content_type": 12}, "model": "admin.logentry", "pk": 46}, {"fields": {"action_flag": 1, "action_time": "2015-11-08T19:24:46.520Z", "object_repr": "team11", "object_id": "13", "change_message": "", "user": 1, "content_type": 4}, "model": "admin.logentry", "pk": 47}, {"fields": {"action_flag": 1, "action_time": "2015-11-08T19:24:48.721Z", "object_repr": "12: team11", "object_id": "12", "change_message": "", "user": 1, "content_type": 12}, "model": "admin.logentry", "pk": 48}, {"fields": {"action_flag": 2, "action_time": "2015-11-08T19:59:33.425Z", "object_repr": "edCTF", "object_id": "1", "change_message": "Changed challengeboard and scoreboard.", "user": 1, "content_type": 7}, "model": "admin.logentry", "pk": 49}, {"fields": {"action_flag": 2, "action_time": "2015-11-08T19:59:41.873Z", "object_repr": "edCTF", "object_id": "1", "change_message": "No fields changed.", "user": 1, "content_type": 7}, "model": "admin.logentry", "pk": 50}, {"fields": {"action_flag": 2, "action_time": "2015-11-08T20:00:02.028Z", "object_repr": "edCTF", "object_id": "1", "change_message": "No fields changed.", "user": 1, "content_type": 7}, "model": "admin.logentry", "pk": 51}]