[{"model": "contenttypes.contenttype", "pk": 1, "fields": {"app_label": "admin", "model": "logentry"}}, {"model": "contenttypes.contenttype", "pk": 2, "fields": {"app_label": "auth", "model": "permission"}}, {"model": "contenttypes.contenttype", "pk": 3, "fields": {"app_label": "auth", "model": "group"}}, {"model": "contenttypes.contenttype", "pk": 4, "fields": {"app_label": "contenttypes", "model": "contenttype"}}, {"model": "contenttypes.contenttype", "pk": 5, "fields": {"app_label": "sessions", "model": "session"}}, {"model": "contenttypes.contenttype", "pk": 6, "fields": {"app_label": "api", "model": "category"}}, {"model": "contenttypes.contenttype", "pk": 7, "fields": {"app_label": "api", "model": "challenge"}}, {"model": "contenttypes.contenttype", "pk": 8, "fields": {"app_label": "api", "model": "challengeboard"}}, {"model": "contenttypes.contenttype", "pk": 9, "fields": {"app_label": "api", "model": "challengetimestamp"}}, {"model": "contenttypes.contenttype", "pk": 10, "fields": {"app_label": "api", "model": "ctf"}}, {"model": "contenttypes.contenttype", "pk": 11, "fields": {"app_label": "api", "model": "ctfuser"}}, {"model": "contenttypes.contenttype", "pk": 12, "fields": {"app_label": "api", "model": "scoreboard"}}, {"model": "contenttypes.contenttype", "pk": 13, "fields": {"app_label": "api", "model": "team"}}, {"model": "api.category", "pk": 1, "fields": {"name": "Recon", "challengeboard": 1, "created": "2016-06-24T05:15:59.483"}}, {"model": "api.category", "pk": 2, "fields": {"name": "Crypto", "challengeboard": 1, "created": "2016-06-24T05:16:03.514"}}, {"model": "api.category", "pk": 3, "fields": {"name": "Exploit", "challengeboard": 1, "created": "2016-06-24T05:16:07.279"}}, {"model": "api.category", "pk": 4, "fields": {"name": "Reversing", "challengeboard": 1, "created": "2016-06-24T05:16:11.167"}}, {"model": "api.category", "pk": 5, "fields": {"name": "Misc", "challengeboard": 1, "created": "2016-06-24T05:16:17.937"}}, {"model": "api.challenge", "pk": 1, "fields": {"category": 2, "title": "Crypto 100", "points": 100, "description": "Lorem ipsum dolor sit amet, consectetur adipiscing elit, sed do eiusmod tempor incididunt ut labore et dolore magna aliqua. Ut enim ad minim veniam, quis nostrud exercitation ullamco laboris nisi ut aliquip ex ea commodo consequat. Duis aute irure dolor in reprehenderit in voluptate velit esse cillum dolore eu fugiat nulla pariatur. Excepteur sint occaecat cupidatat non proident, sunt in culpa qui officia deserunt mollit anim id est laborum", "flag": "flag", "created": "2016-06-24T05:19:27.618"}}, {"model": "api.challenge", "pk": 2, "fields": {"category": 2, "title": "Crypto 200", "points": 200, "description": "Lorem ipsum dolor sit amet, consectetur adipiscing elit, sed do eiusmod tempor incididunt ut labore et dolore magna aliqua. Ut enim ad minim veniam, quis nostrud exercitation ullamco laboris nisi ut aliquip ex ea commodo consequat. Duis aute irure dolor in reprehenderit in voluptate velit esse cillum dolore eu fugiat nulla pariatur. Excepteur sint occaecat cupidatat non proident, sunt in culpa qui officia deserunt mollit anim id est laborum", "flag": "flag", "created": "2016-06-24T05:19:46.630"}}, {"model": "api.challenge", "pk": 3, "fields": {"category": 3, "title": "Exploit 300", "points": 300, "description": "Lorem ipsum dolor sit amet, consectetur adipiscing elit, sed do eiusmod tempor incididunt ut labore et dolore magna aliqua. Ut enim ad minim veniam, quis nostrud exercitation ullamco laboris nisi ut aliquip ex ea commodo consequat. Duis aute irure dolor in reprehenderit in voluptate velit esse cillum dolore eu fugiat nulla pariatur. Excepteur sint occaecat cupidatat non proident, sunt in culpa qui officia deserunt mollit anim id est laborum", "flag": "flag", "created": "2016-06-24T05:19:58.826"}}, {"model": "api.challenge", "pk": 4, "fields": {"category": 3, "title": "Exploit 350", "points": 350, "description": "Lorem ipsum dolor sit amet, consectetur adipiscing elit, sed do eiusmod tempor incididunt ut labore et dolore magna aliqua. Ut enim ad minim veniam, quis nostrud exercitation ullamco laboris nisi ut aliquip ex ea commodo consequat. Duis aute irure dolor in reprehenderit in voluptate velit esse cillum dolore eu fugiat nulla pariatur. Excepteur sint occaecat cupidatat non proident, sunt in culpa qui officia deserunt mollit anim id est laborum", "flag": "flag", "created": "2016-06-24T05:20:08.516"}}, {"model": "api.challenge", "pk": 5, "fields": {"category": 3, "title": "Exploit 500", "points": 500, "description": "Lorem ipsum dolor sit amet, consectetur adipiscing elit, sed do eiusmod tempor incididunt ut labore et dolore magna aliqua. Ut enim ad minim veniam, quis nostrud exercitation ullamco laboris nisi ut aliquip ex ea commodo consequat. Duis aute irure dolor in reprehenderit in voluptate velit esse cillum dolore eu fugiat nulla pariatur. Excepteur sint occaecat cupidatat non proident, sunt in culpa qui officia deserunt mollit anim id est laborum", "flag": "flag", "created": "2016-06-24T05:20:31.784"}}, {"model": "api.challenge", "pk": 6, "fields": {"category": 5, "title": "Misc 50 - 1", "points": 50, "description": "Lorem ipsum dolor sit amet, consectetur adipiscing elit, sed do eiusmod tempor incididunt ut labore et dolore magna aliqua. Ut enim ad minim veniam, quis nostrud exercitation ullamco laboris nisi ut aliquip ex ea commodo consequat. Duis aute irure dolor in reprehenderit in voluptate velit esse cillum dolore eu fugiat nulla pariatur. Excepteur sint occaecat cupidatat non proident, sunt in culpa qui officia deserunt mollit anim id est laborum", "flag": "flag", "created": "2016-06-24T05:20:44.406"}}, {"model": "api.challenge", "pk": 7, "fields": {"category": 5, "title": "Misc 50 - 2", "points": 50, "description": "Lorem ipsum dolor sit amet, consectetur adipiscing elit, sed do eiusmod tempor incididunt ut labore et dolore magna aliqua. Ut enim ad minim veniam, quis nostrud exercitation ullamco laboris nisi ut aliquip ex ea commodo consequat. Duis aute irure dolor in reprehenderit in voluptate velit esse cillum dolore eu fugiat nulla pariatur. Excepteur sint occaecat cupidatat non proident, sunt in culpa qui officia deserunt mollit anim id est laborum", "flag": "flag", "created": "2016-06-24T05:20:56.168"}}, {"model": "api.challenge", "pk": 8, "fields": {"category": 5, "title": "Misc 150", "points": 150, "description": "Lorem ipsum dolor sit amet, consectetur adipiscing elit, sed do eiusmod tempor incididunt ut labore et dolore magna aliqua. Ut enim ad minim veniam, quis nostrud exercitation ullamco laboris nisi ut aliquip ex ea commodo consequat. Duis aute irure dolor in reprehenderit in voluptate velit esse cillum dolore eu fugiat nulla pariatur. Excepteur sint occaecat cupidatat non proident, sunt in culpa qui officia deserunt mollit anim id est laborum", "flag": "flag", "created": "2016-06-24T05:21:03.812"}}, {"model": "api.challenge", "pk": 9, "fields": {"category": 1, "title": "Recon 200", "points": 200, "description": "Lorem ipsum dolor sit amet, consectetur adipiscing elit, sed do eiusmod tempor incididunt ut labore et dolore magna aliqua. Ut enim ad minim veniam, quis nostrud exercitation ullamco laboris nisi ut aliquip ex ea commodo consequat. Duis aute irure dolor in reprehenderit in voluptate velit esse cillum dolore eu fugiat nulla pariatur. Excepteur sint occaecat cupidatat non proident, sunt in culpa qui officia deserunt mollit anim id est laborum", "flag": "flag", "created": "2016-06-24T05:21:17.179"}}, {"model": "api.challenge", "pk": 10, "fields": {"category": 4, "title": "Reversing 100", "points": 100, "description": "Lorem ipsum dolor sit amet, consectetur adipiscing elit, sed do eiusmod tempor incididunt ut labore et dolore magna aliqua. Ut enim ad minim veniam, quis nostrud exercitation ullamco laboris nisi ut aliquip ex ea commodo consequat. Duis aute irure dolor in reprehenderit in voluptate velit esse cillum dolore eu fugiat nulla pariatur. Excepteur sint occaecat cupidatat non proident, sunt in culpa qui officia deserunt mollit anim id est laborum", "flag": "flag", "created": "2016-06-24T05:21:29.056"}}, {"model": "api.challenge", "pk": 11, "fields": {"category": 4, "title": "Reversing 200", "points": 200, "description": "Lorem ipsum dolor sit amet, consectetur adipiscing elit, sed do eiusmod tempor incididunt ut labore et dolore magna aliqua. Ut enim ad minim veniam, quis nostrud exercitation ullamco laboris nisi ut aliquip ex ea commodo consequat. Duis aute irure dolor in reprehenderit in voluptate velit esse cillum dolore eu fugiat nulla pariatur. Excepteur sint occaecat cupidatat non proident, sunt in culpa qui officia deserunt mollit anim id est laborum", "flag": "flag", "created": "2016-06-24T05:21:36.403"}}, {"model": "api.challenge", "pk": 12, "fields": {"category": 4, "title": "Reversing 300", "points": 300, "description": "Lorem ipsum dolor sit amet, consectetur adipiscing elit, sed do eiusmod tempor incididunt ut labore et dolore magna aliqua. Ut enim ad minim veniam, quis nostrud exercitation ullamco laboris nisi ut aliquip ex ea commodo consequat. Duis aute irure dolor in reprehenderit in voluptate velit esse cillum dolore eu fugiat nulla pariatur. Excepteur sint occaecat cupidatat non proident, sunt in culpa qui officia deserunt mollit anim id est laborum", "flag": "flag", "created": "2016-06-24T05:21:47.875"}}, {"model": "api.challenge", "pk": 13, "fields": {"category": 1, "title": "Recon 300", "points": 300, "description": "Lorem ipsum dolor sit amet, consectetur adipiscing elit, sed do eiusmod tempor incididunt ut labore et dolore magna aliqua. Ut enim ad minim veniam, quis nostrud exercitation ullamco laboris nisi ut aliquip ex ea commodo consequat. Duis aute irure dolor in reprehenderit in voluptate velit esse cillum dolore eu fugiat nulla pariatur. Excepteur sint occaecat cupidatat non proident, sunt in culpa qui officia deserunt mollit anim id est laborum", "flag": "flag", "created": "2016-06-24T05:21:58.555"}}, {"model": "api.challenge", "pk": 14, "fields": {"category": 4, "title": "Reversing 400", "points": 400, "description": "Lorem ipsum dolor sit amet, consectetur adipiscing elit, sed do eiusmod tempor incididunt ut labore et dolore magna aliqua. Ut enim ad minim veniam, quis nostrud exercitation ullamco laboris nisi ut aliquip ex ea commodo consequat. Duis aute irure dolor in reprehenderit in voluptate velit esse cillum dolore eu fugiat nulla pariatur. Excepteur sint occaecat cupidatat non proident, sunt in culpa qui officia deserunt mollit anim id est laborum", "flag": "flag", "created": "2016-06-24T05:22:07.791"}}, {"model": "api.challengeboard", "pk": 1, "fields": {"created": "2016-06-24T05:15:46.939"}}, {"model": "api.challengetimestamp", "pk": 1, "fields": {"team": 2, "challenge": 4, "created": "2016-06-24T05:22:44.416"}}, {"model": "api.challengetimestamp", "pk": 2, "fields": {"team": 2, "challenge": 13, "created": "2016-06-24T05:22:47.553"}}, {"model": "api.challengetimestamp", "pk": 3, "fields": {"team": 2, "challenge": 2, "created": "2016-06-24T05:22:53.543"}}, {"model": "api.challengetimestamp", "pk": 4, "fields": {"team": 2, "challenge": 10, "created": "2016-06-24T05:22:56.720"}}, {"model": "api.challengetimestamp", "pk": 5, "fields": {"team": 3, "challenge": 5, "created": "2016-06-24T05:23:25.518"}}, {"model": "api.challengetimestamp", "pk": 6, "fields": {"team": 4, "challenge": 6, "created": "2016-06-24T05:23:51.670"}}, {"model": "api.challengetimestamp", "pk": 7, "fields": {"team": 4, "challenge": 2, "created": "2016-06-24T05:23:56.975"}}, {"model": "api.challengetimestamp", "pk": 8, "fields": {"team": 4, "challenge": 12, "created": "2016-06-24T05:24:02.299"}}, {"model": "api.challengetimestamp", "pk": 9, "fields": {"team": 4, "challenge": 10, "created": "2016-06-24T05:24:05.055"}}, {"model": "api.challengetimestamp", "pk": 10, "fields": {"team": 4, "challenge": 8, "created": "2016-06-24T05:24:07.316"}}, {"model": "api.challengetimestamp", "pk": 11, "fields": {"team": 5, "challenge": 2, "created": "2016-06-24T05:24:31.879"}}, {"model": "api.challengetimestamp", "pk": 12, "fields": {"team": 6, "challenge": 1, "created": "2016-06-24T05:24:52.907"}}, {"model": "api.challengetimestamp", "pk": 13, "fields": {"team": 6, "challenge": 4, "created": "2016-06-24T05:24:55.379"}}, {"model": "api.challengetimestamp", "pk": 14, "fields": {"team": 6, "challenge": 10, "created": "2016-06-24T05:24:57.985"}}, {"model": "api.challengetimestamp", "pk": 15, "fields": {"team": 6, "challenge": 9, "created": "2016-06-24T05:25:00.827"}}, {"model": "api.challengetimestamp", "pk": 16, "fields": {"team": 7, "challenge": 1, "created": "2016-06-24T05:25:59.413"}}, {"model": "api.challengetimestamp", "pk": 17, "fields": {"team": 7, "challenge": 4, "created": "2016-06-24T05:26:01.387"}}, {"model": "api.challengetimestamp", "pk": 18, "fields": {"team": 7, "challenge": 3, "created": "2016-06-24T05:26:03.321"}}, {"model": "api.challengetimestamp", "pk": 19, "fields": {"team": 7, "challenge": 12, "created": "2016-06-24T05:26:05.778"}}, {"model": "api.challengetimestamp", "pk": 20, "fields": {"team": 7, "challenge": 14, "created": "2016-06-24T05:26:07.596"}}, {"model": "api.challengetimestamp", "pk": 21, "fields": {"team": 7, "challenge": 6, "created": "2016-06-24T05:26:09.822"}}, {"model": "api.challengetimestamp", "pk": 22, "fields": {"team": 8, "challenge": 5, "created": "2016-06-24T05:26:34.921"}}, {"model": "api.challengetimestamp", "pk": 23, "fields": {"team": 8, "challenge": 1, "created": "2016-06-24T05:26:37.165"}}, {"model": "api.challengetimestamp", "pk": 24, "fields": {"team": 8, "challenge": 13, "created": "2016-06-24T05:26:41.486"}}, {"model": "api.challengetimestamp", "pk": 25, "fields": {"team": 9, "challenge": 1, "created": "2016-06-24T05:27:02.570"}}, {"model": "api.challengetimestamp", "pk": 26, "fields": {"team": 9, "challenge": 13, "created": "2016-06-24T05:27:04.751"}}, {"model": "api.challengetimestamp", "pk": 27, "fields": {"team": 9, "challenge": 10, "created": "2016-06-24T05:27:06.701"}}, {"model": "api.challengetimestamp", "pk": 28, "fields": {"team": 9, "challenge": 4, "created": "2016-06-24T05:27:09.021"}}, {"model": "api.ctf", "pk": 1, "fields": {"name": "edCTF 2016", "online": true, "home_page": "<h1 class=\"text-center\">Welcome to edCTF 2016!</h1>\n", "about_page": "<h1>What is a CTF?</h1>\n<p>Capture the Flag (CTF) is a computer security competition. CTF contests are usually designed to serve as an educational exercise to give participants experience in securing a machine, as well as conducting and reacting to the sort of attacks found in the real world. Reverse-engineering, network sniffing, protocol analysis, system administration, programming, and cryptanalysis are all skills which have been required by prior CTF contests at DEF CON. There are two main styles of capture the flag competitions: attack/defense and jeopardy.</p>\n\n<p>In an attack/defense style competition, each team is given a machine (or a small network) to defend on an isolated network. Teams are scored on both their success in defending their assigned machine and on their success in attacking other team's machines. Depending on the nature of the particular CTF game, teams may either be attempting to take an opponent's flag from their machine or teams may be attempting to plant their own flag on their opponent's machine. One of the more prominent attack/defense CTF's is held every year at the hacker conference DEF CON.</p>\n\n<p>Jeopardy-style competitions usually involve multiple categories of problems, each of which contains a variety of questions of different point values. Teams race to be the first to solve the most number of points, but do not directly attack each other.</p>\n\n<br/>\n<br/>\n", "challengeboard": 1, "scoreboard": 1, "created": "2016-06-24T05:15:46.936"}}, {"model": "api.ctfuser", "pk": 1, "fields": {"password": "pbkdf2_sha256$24000$GdqP9IG4rdRA$BpxVhxhfIH+KYtY6vIGu/Goraa7Q3x1yaQfm43hFbME=", "last_login": "2016-06-24T05:28:32.545", "ctf": null, "enc_username": "admin", "username": "admin", "enc_email": "admin@localhost", "email": "admin@localhost", "is_staff": true, "is_superuser": true, "is_active": true, "date_joined": "2016-06-24T05:13:34.625"}}, {"model": "api.ctfuser", "pk": 2, "fields": {"password": "pbkdf2_sha256$24000$DasWmcj3StF9$nhNQyIfCAC/7XIvzgt5h6DgsqGcrmPLvbvF7SyvfPl4=", "last_login": "2016-06-24T05:22:33.017", "ctf": 1, "enc_username": "272294ea0cce6afec4730cbf007d208d", "username": "alice", "enc_email": "63d1a1ca501da3f0fc971e61a3af784822bb972fc9b62393e8b906c974292cc9", "email": "alice@alice.com", "is_staff": false, "is_superuser": false, "is_active": true, "date_joined": "2016-06-24T05:22:32.922"}}, {"model": "api.ctfuser", "pk": 3, "fields": {"password": "pbkdf2_sha256$24000$ILCKS0atLl3S$3rf7kzD85mgfViViX/xIIJcoZAiGYM8hBNSCo1LenSk=", "last_login": "2016-06-24T05:23:12.744", "ctf": 1, "enc_username": "c4bd32e273346e7b603f8bd28b5dd58e", "username": "bob", "enc_email": "3f0f505d02fa6301aca04fce318a2d4a", "email": "bob@bob.com", "is_staff": false, "is_superuser": false, "is_active": true, "date_joined": "2016-06-24T05:23:12.659"}}, {"model": "api.ctfuser", "pk": 4, "fields": {"password": "pbkdf2_sha256$24000$BIrfqPS3MjUI$tHP+yVjjHAJVhkIeWRIXPmUoqXfr9THwx0ZjOm9O5U0=", "last_login": "2016-06-24T05:23:47.643", "ctf": 1, "enc_username": "96dba9c1705c88989af919a5c4666043", "username": "chris", "enc_email": "8a2c9f53c137c5c6475eb39e89e0481c22bb972fc9b62393e8b906c974292cc9", "email": "chris@chris.com", "is_staff": false, "is_superuser": false, "is_active": true, "date_joined": "2016-06-24T05:23:47.555"}}, {"model": "api.ctfuser", "pk": 5, "fields": {"password": "pbkdf2_sha256$24000$xPs7cUC7jFXu$hkDtlTYpz2IWg9VymaslhzhJVEeYMvReAj6atDHpGuY=", "last_login": "2016-06-24T05:24:22.957", "ctf": 1, "enc_username": "f5b5999fdc12fcd569d77364c3520716", "username": "dave", "enc_email": "1857293d74efa8598bb6c2517990eb0a", "email": "dave@dave.com", "is_staff": false, "is_superuser": false, "is_active": true, "date_joined": "2016-06-24T05:24:22.896"}}, {"model": "api.ctfuser", "pk": 6, "fields": {"password": "pbkdf2_sha256$24000$6z2Z3g1rViFw$R9agWuZkS92mNBwsnp9ehB76j1syI82J4xtYDdZBGS8=", "last_login": "2016-06-24T05:24:48.682", "ctf": 1, "enc_username": "4135bc5ed2c21d9749fbaef49e02876c", "username": "erin", "enc_email": "a75e0b1b970f85866a170611ff93e471", "email": "erin@erin.com", "is_staff": false, "is_superuser": false, "is_active": true, "date_joined": "2016-06-24T05:24:48.607"}}, {"model": "api.ctfuser", "pk": 7, "fields": {"password": "pbkdf2_sha256$24000$BXkXGgRIm69L$+6uBNncrHAeYaFp7ZglgR1L+hp9pIYv30/PwAppDuns=", "last_login": "2016-06-24T05:25:53.889", "ctf": 1, "enc_username": "2699ab57c07974bccf911dc9c1f86cfc", "username": "frank", "enc_email": "bd90d08313d09c6717d638428d61925622bb972fc9b62393e8b906c974292cc9", "email": "frank@frank.com", "is_staff": false, "is_superuser": false, "is_active": true, "date_joined": "2016-06-24T05:25:53.771"}}, {"model": "api.ctfuser", "pk": 8, "fields": {"password": "pbkdf2_sha256$24000$hvjnNOCPoElk$fyQqclFKLi+LHZsxmtaECLcdbPUP++TGGnX+qM89ox8=", "last_login": "2016-06-24T05:26:31.328", "ctf": 1, "enc_username": "24bfbec182ca0c510e200acb019880a2", "username": "george", "enc_email": "501c7ef84d6a4e0859a273a302e562b2703345f9a73159f6d719860284b7f4ad", "email": "george@george.com", "is_staff": false, "is_superuser": false, "is_active": true, "date_joined": "2016-06-24T05:26:31.253"}}, {"model": "api.ctfuser", "pk": 9, "fields": {"password": "pbkdf2_sha256$24000$RqEE4XaJAH0E$PMDyVZeHbIks8iduGa5ORMdL1dRpPhrwehAXWu7jRcc=", "last_login": "2016-06-24T05:26:59.093", "ctf": 1, "enc_username": "552cc24b427d46925ef1a14fe2ba679d", "username": "henry", "enc_email": "0f9ec5ba7ebaec841dce3bb555b4335922bb972fc9b62393e8b906c974292cc9", "email": "henry@henry.com", "is_staff": false, "is_superuser": false, "is_active": true, "date_joined": "2016-06-24T05:26:59.020"}}, {"model": "api.ctfuser", "pk": 10, "fields": {"password": "pbkdf2_sha256$24000$Qtbgnisxhikm$Ka0+T6F4ZO9u9c4rMIh7aQN7VNqg0PAINBpTcd3RNFQ=", "last_login": "2016-06-24T05:27:42.183", "ctf": 1, "enc_username": "9927516604f9197e4fab36e39c5c455f", "username": "irene", "enc_email": "fa66116918abb494817e5414c43eab4722bb972fc9b62393e8b906c974292cc9", "email": "irene@irene.com", "is_staff": false, "is_superuser": false, "is_active": true, "date_joined": "2016-06-24T05:27:42.107"}}, {"model": "api.ctfuser", "pk": 11, "fields": {"password": "pbkdf2_sha256$24000$RT2IAAN5bPoE$JUh2de1r6Ur9nxDwwU06zi4YhYbMOXHN2PbD0Yrsd8c=", "last_login": "2016-06-24T05:28:12.734", "ctf": 1, "enc_username": "be92b7d8276a2dac580e186a7eb82c74", "username": "jim", "enc_email": "83b3c8b40e8f87fed82e2f91918c33db", "email": "jim@jim.com", "is_staff": false, "is_superuser": false, "is_active": true, "date_joined": "2016-06-24T05:28:12.649"}}, {"model": "api.ctfuser", "pk": 12, "fields": {"password": "pbkdf2_sha256$24000$7ia2pkpCRomj$/9fVQxkxgKJwIlZInXiNqLwdrokoVQ+e0aG6w72y73w=", "last_login": "2016-06-24T05:28:26.583", "ctf": 1, "enc_username": "c8ca2ced15a5a147090cb5ca45853e52", "username": "kathy", "enc_email": "affd7b0ca0d07ba2e2809399e701030a22bb972fc9b62393e8b906c974292cc9", "email": "kathy@kathy.com", "is_staff": false, "is_superuser": false, "is_active": true, "date_joined": "2016-06-24T05:28:26.518"}}, {"model": "api.scoreboard", "pk": 1, "fields": {"numtopteams": 10, "created": "2016-06-24T05:15:46.940"}}, {"model": "api.team", "pk": 1, "fields": {"scoreboard": null, "enc_teamname": "admin", "teamname": "admin", "points": 0, "correctflags": 0, "wrongflags": 0, "user": 1, "last_timestamp": "1970-01-01T00:00:00", "hidden": false, "created": "2016-06-24T05:13:34.672"}}, {"model": "api.team", "pk": 2, "fields": {"scoreboard": 1, "enc_teamname": "272294ea0cce6afec4730cbf007d208d", "teamname": "alice", "points": 950, "correctflags": 4, "wrongflags": 0, "user": 2, "last_timestamp": "2016-06-24T05:22:56.720", "hidden": false, "created": "2016-06-24T05:22:32.974"}}, {"model": "api.team", "pk": 3, "fields": {"scoreboard": 1, "enc_teamname": "c4bd32e273346e7b603f8bd28b5dd58e", "teamname": "bob", "points": 500, "correctflags": 1, "wrongflags": 0, "user": 3, "last_timestamp": "2016-06-24T05:23:25.518", "hidden": false, "created": "2016-06-24T05:23:12.701"}}, {"model": "api.team", "pk": 4, "fields": {"scoreboard": 1, "enc_teamname": "96dba9c1705c88989af919a5c4666043", "teamname": "chris", "points": 800, "correctflags": 5, "wrongflags": 0, "user": 4, "last_timestamp": "2016-06-24T05:24:07.316", "hidden": false, "created": "2016-06-24T05:23:47.598"}}, {"model": "api.team", "pk": 5, "fields": {"scoreboard": 1, "enc_teamname": "f5b5999fdc12fcd569d77364c3520716", "teamname": "dave", "points": 200, "correctflags": 1, "wrongflags": 0, "user": 5, "last_timestamp": "2016-06-24T05:24:31.879", "hidden": false, "created": "2016-06-24T05:24:22.925"}}, {"model": "api.team", "pk": 6, "fields": {"scoreboard": 1, "enc_teamname": "4135bc5ed2c21d9749fbaef49e02876c", "teamname": "erin", "points": 750, "correctflags": 4, "wrongflags": 0, "user": 6, "last_timestamp": "2016-06-24T05:25:00.827", "hidden": false, "created": "2016-06-24T05:24:48.644"}}, {"model": "api.team", "pk": 7, "fields": {"scoreboard": 1, "enc_teamname": "2699ab57c07974bccf911dc9c1f86cfc", "teamname": "frank", "points": 1500, "correctflags": 6, "wrongflags": 0, "user": 7, "last_timestamp": "2016-06-24T05:26:09.822", "hidden": false, "created": "2016-06-24T05:25:53.837"}}, {"model": "api.team", "pk": 8, "fields": {"scoreboard": 1, "enc_teamname": "24bfbec182ca0c510e200acb019880a2", "teamname": "george", "points": 900, "correctflags": 3, "wrongflags": 0, "user": 8, "last_timestamp": "2016-06-24T05:26:41.486", "hidden": false, "created": "2016-06-24T05:26:31.293"}}, {"model": "api.team", "pk": 9, "fields": {"scoreboard": 1, "enc_teamname": "552cc24b427d46925ef1a14fe2ba679d", "teamname": "henry", "points": 850, "correctflags": 4, "wrongflags": 0, "user": 9, "last_timestamp": "2016-06-24T05:27:09.021", "hidden": false, "created": "2016-06-24T05:26:59.055"}}, {"model": "api.team", "pk": 10, "fields": {"scoreboard": 1, "enc_teamname": "9927516604f9197e4fab36e39c5c455f", "teamname": "irene", "points": 0, "correctflags": 0, "wrongflags": 0, "user": 10, "last_timestamp": "1970-01-01T00:00:00", "hidden": false, "created": "2016-06-24T05:27:42.151"}}, {"model": "api.team", "pk": 11, "fields": {"scoreboard": 1, "enc_teamname": "be92b7d8276a2dac580e186a7eb82c74", "teamname": "jim", "points": 0, "correctflags": 0, "wrongflags": 0, "user": 11, "last_timestamp": "1970-01-01T00:00:00", "hidden": false, "created": "2016-06-24T05:28:12.691"}}, {"model": "api.team", "pk": 12, "fields": {"scoreboard": 1, "enc_teamname": "c8ca2ced15a5a147090cb5ca45853e52", "teamname": "kathy", "points": 0, "correctflags": 0, "wrongflags": 0, "user": 12, "last_timestamp": "1970-01-01T00:00:00", "hidden": false, "created": "2016-06-24T05:28:26.551"}}, {"model": "auth.permission", "pk": 1, "fields": {"name": "Can add log entry", "content_type": 1, "codename": "add_logentry"}}, {"model": "auth.permission", "pk": 2, "fields": {"name": "Can change log entry", "content_type": 1, "codename": "change_logentry"}}, {"model": "auth.permission", "pk": 3, "fields": {"name": "Can delete log entry", "content_type": 1, "codename": "delete_logentry"}}, {"model": "auth.permission", "pk": 4, "fields": {"name": "Can add permission", "content_type": 2, "codename": "add_permission"}}, {"model": "auth.permission", "pk": 5, "fields": {"name": "Can change permission", "content_type": 2, "codename": "change_permission"}}, {"model": "auth.permission", "pk": 6, "fields": {"name": "Can delete permission", "content_type": 2, "codename": "delete_permission"}}, {"model": "auth.permission", "pk": 7, "fields": {"name": "Can add group", "content_type": 3, "codename": "add_group"}}, {"model": "auth.permission", "pk": 8, "fields": {"name": "Can change group", "content_type": 3, "codename": "change_group"}}, {"model": "auth.permission", "pk": 9, "fields": {"name": "Can delete group", "content_type": 3, "codename": "delete_group"}}, {"model": "auth.permission", "pk": 10, "fields": {"name": "Can add content type", "content_type": 4, "codename": "add_contenttype"}}, {"model": "auth.permission", "pk": 11, "fields": {"name": "Can change content type", "content_type": 4, "codename": "change_contenttype"}}, {"model": "auth.permission", "pk": 12, "fields": {"name": "Can delete content type", "content_type": 4, "codename": "delete_contenttype"}}, {"model": "auth.permission", "pk": 13, "fields": {"name": "Can add session", "content_type": 5, "codename": "add_session"}}, {"model": "auth.permission", "pk": 14, "fields": {"name": "Can change session", "content_type": 5, "codename": "change_session"}}, {"model": "auth.permission", "pk": 15, "fields": {"name": "Can delete session", "content_type": 5, "codename": "delete_session"}}, {"model": "auth.permission", "pk": 16, "fields": {"name": "Can add category", "content_type": 6, "codename": "add_category"}}, {"model": "auth.permission", "pk": 17, "fields": {"name": "Can change category", "content_type": 6, "codename": "change_category"}}, {"model": "auth.permission", "pk": 18, "fields": {"name": "Can delete category", "content_type": 6, "codename": "delete_category"}}, {"model": "auth.permission", "pk": 19, "fields": {"name": "Can add challenge", "content_type": 7, "codename": "add_challenge"}}, {"model": "auth.permission", "pk": 20, "fields": {"name": "Can change challenge", "content_type": 7, "codename": "change_challenge"}}, {"model": "auth.permission", "pk": 21, "fields": {"name": "Can delete challenge", "content_type": 7, "codename": "delete_challenge"}}, {"model": "auth.permission", "pk": 22, "fields": {"name": "Can add challengeboard", "content_type": 8, "codename": "add_challengeboard"}}, {"model": "auth.permission", "pk": 23, "fields": {"name": "Can change challengeboard", "content_type": 8, "codename": "change_challengeboard"}}, {"model": "auth.permission", "pk": 24, "fields": {"name": "Can delete challengeboard", "content_type": 8, "codename": "delete_challengeboard"}}, {"model": "auth.permission", "pk": 25, "fields": {"name": "Can add challenge timestamp", "content_type": 9, "codename": "add_challengetimestamp"}}, {"model": "auth.permission", "pk": 26, "fields": {"name": "Can change challenge timestamp", "content_type": 9, "codename": "change_challengetimestamp"}}, {"model": "auth.permission", "pk": 27, "fields": {"name": "Can delete challenge timestamp", "content_type": 9, "codename": "delete_challengetimestamp"}}, {"model": "auth.permission", "pk": 28, "fields": {"name": "Can add ctf", "content_type": 10, "codename": "add_ctf"}}, {"model": "auth.permission", "pk": 29, "fields": {"name": "Can change ctf", "content_type": 10, "codename": "change_ctf"}}, {"model": "auth.permission", "pk": 30, "fields": {"name": "Can delete ctf", "content_type": 10, "codename": "delete_ctf"}}, {"model": "auth.permission", "pk": 31, "fields": {"name": "Can add User", "content_type": 11, "codename": "add_ctfuser"}}, {"model": "auth.permission", "pk": 32, "fields": {"name": "Can change User", "content_type": 11, "codename": "change_ctfuser"}}, {"model": "auth.permission", "pk": 33, "fields": {"name": "Can delete User", "content_type": 11, "codename": "delete_ctfuser"}}, {"model": "auth.permission", "pk": 34, "fields": {"name": "Can add scoreboard", "content_type": 12, "codename": "add_scoreboard"}}, {"model": "auth.permission", "pk": 35, "fields": {"name": "Can change scoreboard", "content_type": 12, "codename": "change_scoreboard"}}, {"model": "auth.permission", "pk": 36, "fields": {"name": "Can delete scoreboard", "content_type": 12, "codename": "delete_scoreboard"}}, {"model": "auth.permission", "pk": 37, "fields": {"name": "Can add team", "content_type": 13, "codename": "add_team"}}, {"model": "auth.permission", "pk": 38, "fields": {"name": "Can change team", "content_type": 13, "codename": "change_team"}}, {"model": "auth.permission", "pk": 39, "fields": {"name": "Can delete team", "content_type": 13, "codename": "delete_team"}}]